bhR9kOhWzBI4K/8TNtxxHg==,8DnOsW5lCcIXDCsetDknmQ==,+hahCtZjd7RcmwTUHw86mg==,DZlXOtpr74wb3SPGTFpzgA==,MlRwyR9tGJV443q8K3xMDA==
QW8555AbmelyHNynSH8n0g==,8DnOsW5lCcIXDCsetDknmQ==,+hahCtZjd7RcmwTUHw86mg==,LsNN8Hzkg8w0ICBOjHIu7A==,LJ71dOhflqRnIo/Gi1W3ew==
ZZ7Sp0gqIPZgHJfOsMWFNA==,8DnOsW5lCcIXDCsetDknmQ==,+hahCtZjd7RcmwTUHw86mg==,rqKCFH/ckn2AYfK//zqdlA==,6Cp3SNJ4sp5w5IOLaXfj3A==
EqCKNwvNbcKcL8d4PLoEJQ==,dVXXIipcT5iX5pTJeotIA1lk3w12ggDw4+gZu8/yP/Q=,kciRFoGECRE49k7jtBRrvA==,LH6fPA7Fn/HbIKjACbHldQ==,wh6ycH8eNimBn28tzTTE+A==
g4eUXDJoane0UHaYSZneJw==,dVXXIipcT5iX5pTJeotIA1lk3w12ggDw4+gZu8/yP/Q=,kciRFoGECRE49k7jtBRrvA==
MTRiKSzosFBCEX1oH9j08w==,wjHInKTbIfCBk6fuoFU9Lw==,7Kpp3mA8BWiyhT6CcdT5vA==
K5v/UqlVB6oJGw4t3P4fvg==,wjHInKTbIfCBk6fuoFU9Lw==,7Kpp3mA8BWiyhT6CcdT5vA==
lmZhJ6357gx18tEqmhI0LA==,wjHInKTbIfCBk6fuoFU9Lw==,7Kpp3mA8BWiyhT6CcdT5vA==
nCUurrn6+cJ46CcPlywWBA==,fiWMzdnqkj17ilTlrVEEDg==,uIsD+bNw1EJgnBXe+KQExg==
y9gAg7pKCGtOZfyoPZPjBw==,fiWMzdnqkj17ilTlrVEEDg==,uIsD+bNw1EJgnBXe+KQExg==
TvcG7hUxRvasMQar/CNc8g==,8DnOsW5lCcIXDCsetDknmQ==,+hahCtZjd7RcmwTUHw86mg==
vknJPnMSAyBcOn+Dkpa5CA==,8DnOsW5lCcIXDCsetDknmQ==,+hahCtZjd7RcmwTUHw86mg==
JzjMewaYPEu4Chp1DhhcvQ==,8DnOsW5lCcIXDCsetDknmQ==,+hahCtZjd7RcmwTUHw86mg==
0OJZ/+vqbpUb68xpeL4/rg==,dVXXIipcT5iX5pTJeotIA1lk3w12ggDw4+gZu8/yP/Q=,kciRFoGECRE49k7jtBRrvA==
J0uBhs4CNAeH3FhIZTKsnQ==,dVXXIipcT5iX5pTJeotIA1lk3w12ggDw4+gZu8/yP/Q=,kciRFoGECRE49k7jtBRrvA==
QTtOjfYtbkpwy/4J4X1OHQ==,wjHInKTbIfCBk6fuoFU9Lw==,7Kpp3mA8BWiyhT6CcdT5vA==
tDlcQYcYK78tgjQ8cLdtVw==,wjHInKTbIfCBk6fuoFU9Lw==,7Kpp3mA8BWiyhT6CcdT5vA==
pt8nd/BMbujfBzt9oS07nQ==,wjHInKTbIfCBk6fuoFU9Lw==,7Kpp3mA8BWiyhT6CcdT5vA==
6L7OHr6jz+QVwYff6KPLMw==,fiWMzdnqkj17ilTlrVEEDg==,uIsD+bNw1EJgnBXe+KQExg==
eyeMvjrrOZov4VoORBVR9Q==,fiWMzdnqkj17ilTlrVEEDg==,uIsD+bNw1EJgnBXe+KQExg==
5XsBN2R2QcNQAsxaxmrNHQ==,8DnOsW5lCcIXDCsetDknmQ==,+hahCtZjd7RcmwTUHw86mg==
tg86zJcYn6QZhgMs0MeQ4w==,8DnOsW5lCcIXDCsetDknmQ==,+hahCtZjd7RcmwTUHw86mg==
NRoCv0jhkhk1go8cGmDCBw==,8DnOsW5lCcIXDCsetDknmQ==,+hahCtZjd7RcmwTUHw86mg==
mrctaDJiEBjQ/B7YzoXr/Q==,8DnOsW5lCcIXDCsetDknmQ==,+hahCtZjd7RcmwTUHw86mg==
GazumSgamI+so7DSxAqdFA==,8DnOsW5lCcIXDCsetDknmQ==,+hahCtZjd7RcmwTUHw86mg==
a8y8sHpe7aH5JxeI2lxCQA==,wjHInKTbIfCBk6fuoFU9Lw==,7Kpp3mA8BWiyhT6CcdT5vA==
TsQCjj0IZSFvvWs+zONrig==,wjHInKTbIfCBk6fuoFU9Lw==,7Kpp3mA8BWiyhT6CcdT5vA==
ukfG++wFn9p8lN2usBxqcw==,wjHInKTbIfCBk6fuoFU9Lw==,7Kpp3mA8BWiyhT6CcdT5vA==
ZWk02486uLug/CqmvF7UYQ==,fiWMzdnqkj17ilTlrVEEDg==,uIsD+bNw1EJgnBXe+KQExg==
vyRo89HirCWa+ikc4EFbYA==,fiWMzdnqkj17ilTlrVEEDg==,uIsD+bNw1EJgnBXe+KQExg==
SO+/fC/RB2iEHzUZu0cBkA==,8DnOsW5lCcIXDCsetDknmQ==,+hahCtZjd7RcmwTUHw86mg==
y4t4IhLL3iQojK0u/rIsWg==,8DnOsW5lCcIXDCsetDknmQ==,+hahCtZjd7RcmwTUHw86mg==
ChQsvFRlLTp7KWUDL+Sgyw==,8DnOsW5lCcIXDCsetDknmQ==,+hahCtZjd7RcmwTUHw86mg==
PlRHPdeYsGwWwpTmhaLWLw==,8DnOsW5lCcIXDCsetDknmQ==,+hahCtZjd7RcmwTUHw86mg==
xbqvR45JtiHD18i2goZrtQ==,8DnOsW5lCcIXDCsetDknmQ==,+hahCtZjd7RcmwTUHw86mg==
ghQVf2Bc29BgrMtQT8IFMg==,wjHInKTbIfCBk6fuoFU9Lw==,7Kpp3mA8BWiyhT6CcdT5vA==
Qyo9FJhbkM/jaE0phkyo9A==,wjHInKTbIfCBk6fuoFU9Lw==,7Kpp3mA8BWiyhT6CcdT5vA==
MXnozTad4sHNOlRvyPAa7Q==,wjHInKTbIfCBk6fuoFU9Lw==,7Kpp3mA8BWiyhT6CcdT5vA==
r3GT3btUZoTtDKy9G6UOaw==,fiWMzdnqkj17ilTlrVEEDg==,uIsD+bNw1EJgnBXe+KQExg==
FKizLtbCL2dvs1PtPwJ2tg==,fiWMzdnqkj17ilTlrVEEDg==,uIsD+bNw1EJgnBXe+KQExg==
/nQmWd4ScJ2FV4I1+aqx2A==,8DnOsW5lCcIXDCsetDknmQ==,+hahCtZjd7RcmwTUHw86mg==
1PLtelqOrJug6UFrPxnLow==,8DnOsW5lCcIXDCsetDknmQ==,+hahCtZjd7RcmwTUHw86mg==
1XkTCP6un7yylpE8mwNDRw==,8DnOsW5lCcIXDCsetDknmQ==,+hahCtZjd7RcmwTUHw86mg==
njK/oGHupWIbnwH7UdDEsg==,8DnOsW5lCcIXDCsetDknmQ==,+hahCtZjd7RcmwTUHw86mg==
zEXmF86XCAGS+/FOOswLqg==,8DnOsW5lCcIXDCsetDknmQ==,+hahCtZjd7RcmwTUHw86mg==
h1lZHJ8D0A5ZuYXnJG3OFA==,wjHInKTbIfCBk6fuoFU9Lw==,7Kpp3mA8BWiyhT6CcdT5vA==
Hm/ilYUICRhRwTER3VEAFw==,wjHInKTbIfCBk6fuoFU9Lw==,7Kpp3mA8BWiyhT6CcdT5vA==
tLTzrI5lxkqnPdmyAFxenQ==,wjHInKTbIfCBk6fuoFU9Lw==,7Kpp3mA8BWiyhT6CcdT5vA==
GBADgDctAAVyGvh6c5LPTA==,fiWMzdnqkj17ilTlrVEEDg==,uIsD+bNw1EJgnBXe+KQExg==
Hkaj3zLGJLZRcHjsSSLh3w==,fiWMzdnqkj17ilTlrVEEDg==,uIsD+bNw1EJgnBXe+KQExg==
n2Gxyjv0TGa5AKN9fwxlog==,8DnOsW5lCcIXDCsetDknmQ==,+hahCtZjd7RcmwTUHw86mg==
EYoh6Xy9D16tfzTBYF/k5A==,8DnOsW5lCcIXDCsetDknmQ==,+hahCtZjd7RcmwTUHw86mg==
XPv0JfYaqc5OBr3VvOh4kw==,8DnOsW5lCcIXDCsetDknmQ==,+hahCtZjd7RcmwTUHw86mg==
dUFo8ffcW3RCW0tQyDPqcw==,8DnOsW5lCcIXDCsetDknmQ==,+hahCtZjd7RcmwTUHw86mg==
RT2CkcRsw6r7ozMXHxRnvA==,8DnOsW5lCcIXDCsetDknmQ==,+hahCtZjd7RcmwTUHw86mg==
QMkHe0D3yAMicM4ZCoP9wg==,wjHInKTbIfCBk6fuoFU9Lw==,7Kpp3mA8BWiyhT6CcdT5vA==
JUK7ghuZ6c7C+HXDmthpxw==,wjHInKTbIfCBk6fuoFU9Lw==,7Kpp3mA8BWiyhT6CcdT5vA==
RwUBqIxagNprl1R3v+IbtA==,wjHInKTbIfCBk6fuoFU9Lw==,7Kpp3mA8BWiyhT6CcdT5vA==
WxXNiyt7m4tkP7W8mCLIQQ==,fiWMzdnqkj17ilTlrVEEDg==,uIsD+bNw1EJgnBXe+KQExg==
gmh4Hblv6xYhj3quF4zsRw==,fiWMzdnqkj17ilTlrVEEDg==,uIsD+bNw1EJgnBXe+KQExg==
R7KTDusHIK1Htzkf4M8TAw==,8DnOsW5lCcIXDCsetDknmQ==,+hahCtZjd7RcmwTUHw86mg==
NZEpnPVp9R7TUz0pF9ZU4Q==,8DnOsW5lCcIXDCsetDknmQ==,+hahCtZjd7RcmwTUHw86mg==
